Cam_id	Rx[rad]	Ry[rad]	Rz[rad]	Tx[m]	Ty[m]	Tz[m]
0	-2.702918	1.567453	-2.702916	0.060670	0.000088	-0.000250 						
1	3.031154	1.568007	1.789377	0.019365	-0.057498	0.000231 					
2	-2.873695	1.565415	0.909131	-0.049311	-0.036283	-0.000025					
3	-2.473124	1.566460	0.041691	-0.049447	0.035906	0.000140					
4	-3.062187	1.566849	-1.805892	0.018722	0.057787	-0.000095					
5	0.001871	-0.003100	-3.135361	0.000574	0.000415	0.075091					
